Index,Mac Name,SSID,Frequency,Signal,Lat,Lon,Alt,Time,
0,1c:b9:c4:15:42:68,Ariel_University,2400,-85.0,35.21134308,32.10487307,692.0,Sun Dec 03 08:53:08 IST 2017, Approx. w-center algo1
1,1c:b9:c4:15:44:58,Ariel_University,2400,-88.0,35.21119324070796,32.10495753300885,690.3008849557522,Sun Dec 03 08:53:08 IST 2017, Approx. w-center algo1
2,1c:b9:c4:16:2d:e8,Ariel_University,2400,-88.0,35.21107852,32.1050222,689.0,Sun Dec 03 08:53:24 IST 2017, Approx. w-center algo1
3,1c:b9:c4:15:25:48,Ariel_University,2400,-88.0,35.21092655,32.10503208,687.0,Sun Dec 03 08:53:27 IST 2017, Approx. w-center algo1
4,1c:b9:c4:16:05:38,Ariel_University,2400,-90.0,35.21060853,32.10495375,686.0,Sun Dec 03 08:53:33 IST 2017, Approx. w-center algo1
5,00:11:6b:11:7e:0c,yosh,2400,-84.0,35.21044203,32.10490203,686.0,Sun Dec 03 08:53:36 IST 2017, Approx. w-center algo1
6,1c:b9:c4:15:44:88,Ariel_University,2400,-88.0,35.21044203,32.10490203,686.0,Sun Dec 03 08:53:36 IST 2017, Approx. w-center algo1
7,1c:b9:c4:15:ed:48,Ariel_University,2400,-89.0,35.21044203,32.10490203,686.0,Sun Dec 03 08:53:36 IST 2017, Approx. w-center algo1
8,1c:b9:c4:16:05:38,Ariel_University,2400,-82.0,35.21044203,32.10490203,686.0,Sun Dec 03 08:53:36 IST 2017, Approx. w-center algo1
9,1c:b9:c4:16:2d:e8,Ariel_University,2400,-83.0,35.21044203,32.10490203,686.0,Sun Dec 03 08:53:36 IST 2017, Approx. w-center algo1
10,1c:b9:c4:14:2b:c8,Ariel_University,2400,-90.0,35.21025994,32.1048406,688.0,Sun Dec 03 08:53:39 IST 2017, Approx. w-center algo1
11,1c:b9:c4:15:41:78,Ariel_University,2400,-90.0,35.21025994,32.1048406,688.0,Sun Dec 03 08:53:39 IST 2017, Approx. w-center algo1
12,1c:b9:c4:15:42:68,Ariel_University,2400,-86.0,35.21025994,32.1048406,688.0,Sun Dec 03 08:53:39 IST 2017, Approx. w-center algo1
13,1c:b9:c4:16:2b:e8,Ariel_University,2400,-83.0,35.21025994,32.1048406,688.0,Sun Dec 03 08:53:39 IST 2017, Approx. w-center algo1
14,90:6c:ac:a0:7b:4d,EVE,2400,-83.0,35.21025994,32.1048406,688.0,Sun Dec 03 08:53:39 IST 2017, Approx. w-center algo1
15,a2:6c:ac:a0:7b:4d,Guest,2400,-82.0,35.21025994,32.1048406,688.0,Sun Dec 03 08:53:39 IST 2017, Approx. w-center algo1
16,c2:6c:ac:9f:fb:1f,shapedo,2400,-82.0,35.21025994,32.1048406,688.0,Sun Dec 03 08:53:39 IST 2017, Approx. w-center algo1
17,c2:6c:ac:a0:7b:4d,outsense,2400,-80.0,35.21025994,32.1048406,688.0,Sun Dec 03 08:53:39 IST 2017, Approx. w-center algo1
18,00:1a:dd:f5:df:c5,Afikim_Wifi,2400,-87.0,35.21007474,32.10475343,689.0,Sun Dec 03 08:53:42 IST 2017, Approx. w-center algo1
19,1c:b9:c4:15:44:58,Ariel_University,2400,-79.0,35.21007474,32.10475343,689.0,Sun Dec 03 08:53:42 IST 2017, Approx. w-center algo1
20,1c:b9:c4:16:05:38,Ariel_University,2400,-75.0,35.21007474,32.10475343,689.0,Sun Dec 03 08:53:42 IST 2017, Approx. w-center algo1
21,1c:b9:c4:16:05:78,Ariel_University,2400,-86.0,35.21007474,32.10475343,689.0,Sun Dec 03 08:53:42 IST 2017, Approx. w-center algo1
22,74:ea:3a:ad:d1:50,TP-LINK_ADD150,2400,-88.0,35.21007474,32.10475343,689.0,Sun Dec 03 08:53:42 IST 2017, Approx. w-center algo1
23,a2:6c:ac:a0:7b:4d,Guest,2400,-71.0,35.21007474,32.10475343,689.0,Sun Dec 03 08:53:42 IST 2017, Approx. w-center algo1
24,c2:6c:ac:a0:7b:4d,outsense,2400,-72.0,35.21007474,32.10475343,689.0,Sun Dec 03 08:53:42 IST 2017, Approx. w-center algo1
25,1c:b9:c4:15:25:48,Ariel_University,2400,-80.0,35.20990936,32.10466627,687.0,Sun Dec 03 08:53:45 IST 2017, Approx. w-center algo1
26,1c:b9:c4:16:05:78,Ariel_University,2400,-80.0,35.20990936,32.10466627,687.0,Sun Dec 03 08:53:45 IST 2017, Approx. w-center algo1
27,1c:b9:c4:96:05:37, ,5000,-83.0,35.20990936,32.10466627,687.0,Sun Dec 03 08:53:45 IST 2017, Approx. w-center algo1
28,70:5a:0f:57:04:17,DIRECT-B1-HP DeskJet 3830 series,2400,-74.0,35.20990936,32.10466627,687.0,Sun Dec 03 08:53:45 IST 2017, Approx. w-center algo1
29,90:6c:ac:a0:60:4d,Guest,2400,-69.0,35.20990936,32.10466627,687.0,Sun Dec 03 08:53:45 IST 2017, Approx. w-center algo1
30,90:6c:ac:a0:7b:4d,EVE,2400,-69.0,35.20990936,32.10466627,687.0,Sun Dec 03 08:53:45 IST 2017, Approx. w-center algo1
31,a2:6c:ac:a0:60:4d,incentive2,2400,-70.0,35.20990936,32.10466627,687.0,Sun Dec 03 08:53:45 IST 2017, Approx. w-center algo1
32,c2:6c:ac:a0:7b:4d,outsense,2400,-67.0,35.20990936,32.10466627,687.0,Sun Dec 03 08:53:45 IST 2017, Approx. w-center algo1
33,1c:b9:c4:15:23:58,Ariel_University,2400,-85.0,35.20975804,32.10457483,687.0,Sun Dec 03 08:53:48 IST 2017, Approx. w-center algo1
34,74:ea:3a:ad:d1:50,TP-LINK_ADD150,2400,-69.0,35.20975804,32.10457483,687.0,Sun Dec 03 08:53:48 IST 2017, Approx. w-center algo1
35,24:79:2a:2c:5b:d8,Ariel_University,2400,-78.0,35.20960715,32.10448173,687.0,Sun Dec 03 08:53:51 IST 2017, Approx. w-center algo1
36,90:6c:ac:9f:f1:c5,CliClap,2400,-82.0,35.20960715,32.10448173,687.0,Sun Dec 03 08:53:51 IST 2017, Approx. w-center algo1
37,1c:b9:c4:16:1d:78,Ariel_University,2400,-83.0,35.20946023,32.10440239,687.0,Sun Dec 03 08:53:54 IST 2017, Approx. w-center algo1
38,1c:b9:c4:16:cc:d8,Ariel_University,2400,-92.0,35.20946023,32.10440239,687.0,Sun Dec 03 08:53:54 IST 2017, Approx. w-center algo1
39,a2:6c:ac:a0:18:29,artsim,2400,-80.0,35.20946023,32.10440239,687.0,Sun Dec 03 08:53:54 IST 2017, Approx. w-center algo1
40,1c:b9:c4:16:2d:e8,Ariel_University,2400,-91.0,35.20932755,32.10430866,687.0,Sun Dec 03 08:53:57 IST 2017, Approx. w-center algo1
41,00:02:6f:8e:64:67, ,2400,-91.0,35.20917533,32.10419361,685.0,Sun Dec 03 08:54:00 IST 2017, Approx. w-center algo1
42,1c:b9:c4:15:1c:b8,Ariel_University,2400,-81.0,35.20917533,32.10419361,685.0,Sun Dec 03 08:54:00 IST 2017, Approx. w-center algo1
43,1c:b9:c4:16:cc:d8,Ariel_University,2400,-82.0,35.20917533,32.10419361,685.0,Sun Dec 03 08:54:00 IST 2017, Approx. w-center algo1
44,b2:6c:ac:9f:f1:c5,paysday,2400,-92.0,35.20917533,32.10419361,685.0,Sun Dec 03 08:54:00 IST 2017, Approx. w-center algo1
45,c2:6c:ac:9f:fb:1f,shapedo,2400,-83.0,35.20917533,32.10419361,685.0,Sun Dec 03 08:54:00 IST 2017, Approx. w-center algo1
46,ec:8c:a2:26:b0:e8,Ariel_University,2400,-86.0,35.20917533,32.10419361,685.0,Sun Dec 03 08:54:00 IST 2017, Approx. w-center algo1
47,ec:8c:a2:26:d3:68,Ariel_University,2400,-64.0,35.20917533,32.10419361,685.0,Sun Dec 03 08:54:00 IST 2017, Approx. w-center algo1
48,1c:b9:c4:15:fd:48,Ariel_University,2400,-84.0,35.20902709,32.10406321,685.0,Sun Dec 03 08:54:03 IST 2017, Approx. w-center algo1
49,1c:b9:c4:16:05:38,Ariel_University,2400,-76.0,35.20902709,32.10406321,685.0,Sun Dec 03 08:54:03 IST 2017, Approx. w-center algo1
50,1c:b9:c4:16:28:e8,Ariel_University,2400,-76.0,35.20902709,32.10406321,685.0,Sun Dec 03 08:54:03 IST 2017, Approx. w-center algo1
51,1c:b9:c4:16:cc:d8,Ariel_University,2400,-76.0,35.20902709,32.10406321,685.0,Sun Dec 03 08:54:03 IST 2017, Approx. w-center algo1
52,8c:0c:90:2e:16:88,Ariel_University,2400,-84.0,35.20902709,32.10406321,685.0,Sun Dec 03 08:54:03 IST 2017, Approx. w-center algo1
53,b2:6c:ac:9f:f1:c5,paysday,2400,-82.0,35.20902709,32.10406321,685.0,Sun Dec 03 08:54:03 IST 2017, Approx. w-center algo1
54,b2:6c:ac:a0:3d:eb,sinusafe,2400,-75.0,35.20902709,32.10406321,685.0,Sun Dec 03 08:54:03 IST 2017, Approx. w-center algo1
55,b2:6c:ac:a0:7b:4d,magneto,2400,-78.0,35.20902709,32.10406321,685.0,Sun Dec 03 08:54:03 IST 2017, Approx. w-center algo1
56,1c:b9:c4:15:23:58,Ariel_University,2400,-79.0,35.20892354,32.10391893,686.0,Sun Dec 03 08:54:06 IST 2017, Approx. w-center algo1
57,1c:b9:c4:16:1d:7c,Ariel_University,5000,-89.0,35.20883622,32.10376365,686.0,Sun Dec 03 08:54:09 IST 2017, Approx. w-center algo1
58,1c:b9:c4:16:d2:88,Ariel_University,2400,-89.0,35.20883622,32.10376365,686.0,Sun Dec 03 08:54:09 IST 2017, Approx. w-center algo1
59,e0:10:7f:1a:bd:98,Ariel_University,2400,-88.0,35.20883622,32.10376365,686.0,Sun Dec 03 08:54:09 IST 2017, Approx. w-center algo1
60,ec:8c:a2:08:78:c8,Ariel_University,2400,-85.0,35.20883622,32.10376365,686.0,Sun Dec 03 08:54:09 IST 2017, Approx. w-center algo1
61,1c:b9:c4:16:28:e8,Ariel_University,2400,-65.0,35.20878096,32.10359721,686.0,Sun Dec 03 08:54:12 IST 2017, Approx. w-center algo1
62,ec:8c:a2:08:78:c8,Ariel_University,2400,-77.0,35.20878096,32.10359721,686.0,Sun Dec 03 08:54:12 IST 2017, Approx. w-center algo1
63,1c:b9:c4:12:7c:c8,Ariel_University,2400,-73.0,35.20875946,32.10346795,686.0,Sun Dec 03 08:54:15 IST 2017, Approx. w-center algo1
64,1c:b9:c4:16:d2:88,Ariel_University,2400,-77.0,35.20875946,32.10346795,686.0,Sun Dec 03 08:54:15 IST 2017, Approx. w-center algo1
65,90:6c:ac:9f:f1:c5,CliClap,2400,-87.0,35.20875946,32.10346795,686.0,Sun Dec 03 08:54:15 IST 2017, Approx. w-center algo1
66,ec:8c:a2:08:94:18,Ariel_University,2400,-69.0,35.20875946,32.10346795,686.0,Sun Dec 03 08:54:15 IST 2017, Approx. w-center algo1
67,1c:b9:c4:16:1d:78,Ariel_University,2400,-81.0,35.20874462,32.10333565,687.0,Sun Dec 03 08:54:18 IST 2017, Approx. w-center algo1
68,1c:b9:c4:16:f4:78,Ariel_University,2400,-85.0,35.20874462,32.10333565,687.0,Sun Dec 03 08:54:18 IST 2017, Approx. w-center algo1
69,34:8f:27:20:8c:18,Ariel_University,2400,-86.0,35.20874462,32.10333565,687.0,Sun Dec 03 08:54:18 IST 2017, Approx. w-center algo1
70,ec:8c:a2:08:94:18,Ariel_University,2400,-61.0,35.20874462,32.10333565,687.0,Sun Dec 03 08:54:18 IST 2017, Approx. w-center algo1
71,1c:b9:c4:12:90:b8,Ariel_University,2400,-71.0,35.20873143,32.10318952,684.0,Sun Dec 03 08:54:21 IST 2017, Approx. w-center algo1
72,1c:b9:c4:14:2f:68,Ariel_University,2400,-90.0,35.20873143,32.10318952,684.0,Sun Dec 03 08:54:21 IST 2017, Approx. w-center algo1
73,1c:b9:c4:16:28:f8,Ariel_University,2400,-80.0,35.20873143,32.10318952,684.0,Sun Dec 03 08:54:21 IST 2017, Approx. w-center algo1
74,1c:b9:c4:16:f4:78,Ariel_University,2400,-78.0,35.20873143,32.10318952,684.0,Sun Dec 03 08:54:21 IST 2017, Approx. w-center algo1
75,1c:b9:c4:96:d2:87, ,5000,-83.0,35.20873143,32.10318952,684.0,Sun Dec 03 08:54:21 IST 2017, Approx. w-center algo1
76,8c:0c:90:2d:75:e8,Ariel_University,2400,-83.0,35.20873143,32.10318952,684.0,Sun Dec 03 08:54:21 IST 2017, Approx. w-center algo1
77,ec:8c:a2:26:b0:e8,Ariel_University,2400,-84.0,35.20873143,32.10318952,684.0,Sun Dec 03 08:54:21 IST 2017, Approx. w-center algo1
78,ec:8c:a2:26:d3:68,Ariel_University,2400,-87.0,35.20873143,32.10318952,684.0,Sun Dec 03 08:54:21 IST 2017, Approx. w-center algo1
79,1c:b9:c4:14:2f:68,Ariel_University,2400,-82.0,35.20871988,32.10301827,685.0,Sun Dec 03 08:54:24 IST 2017, Approx. w-center algo1
80,1c:b9:c4:14:33:c8,Ariel_University,2400,-84.0,35.20871988,32.10301827,685.0,Sun Dec 03 08:54:24 IST 2017, Approx. w-center algo1
81,1c:b9:c4:16:05:38,Ariel_University,2400,-88.0,35.20871988,32.10301827,685.0,Sun Dec 03 08:54:24 IST 2017, Approx. w-center algo1
82,1c:b9:c4:16:f1:98,Ariel_University,2400,-87.0,35.20871988,32.10301827,685.0,Sun Dec 03 08:54:24 IST 2017, Approx. w-center algo1
83,8c:0c:90:2e:16:88,Ariel_University,2400,-87.0,35.20871988,32.10301827,685.0,Sun Dec 03 08:54:24 IST 2017, Approx. w-center algo1
84,1c:b9:c4:14:2f:68,Ariel_University,2400,-71.0,35.20871899,32.10282362,688.0,Sun Dec 03 08:54:27 IST 2017, Approx. w-center algo1
85,1c:b9:c4:14:33:c8,Ariel_University,2400,-75.0,35.20871899,32.10282362,688.0,Sun Dec 03 08:54:27 IST 2017, Approx. w-center algo1
86,1c:b9:c4:16:11:ac,Ariel_University,5000,-90.0,35.20871899,32.10282362,688.0,Sun Dec 03 08:54:27 IST 2017, Approx. w-center algo1
87,1c:b9:c4:16:f4:7c,Ariel_University,5000,-84.0,35.20871899,32.10282362,688.0,Sun Dec 03 08:54:27 IST 2017, Approx. w-center algo1
88,8c:0c:90:2d:75:e8,Ariel_University,2400,-77.0,35.20871899,32.10282362,688.0,Sun Dec 03 08:54:27 IST 2017, Approx. w-center algo1
89,8c:0c:90:ad:75:e3, ,2400,-76.0,35.20871899,32.10282362,688.0,Sun Dec 03 08:54:27 IST 2017, Approx. w-center algo1
90,ec:8c:a2:08:78:cc,Ariel_University,5000,-85.0,35.20871899,32.10282362,688.0,Sun Dec 03 08:54:27 IST 2017, Approx. w-center algo1
91,f8:d1:11:77:77:c6,HelpDesk,2400,-70.0,35.20871899,32.10282362,688.0000000000001,Sun Dec 03 08:54:27 IST 2017, Approx. w-center algo1
92,1c:b9:c4:16:11:a8,Ariel_University,2400,-73.0,35.20876629,32.10263124,687.0,Sun Dec 03 08:54:30 IST 2017, Approx. w-center algo1
93,1c:b9:c4:16:28:f8,Ariel_University,2400,-73.0,35.20876629,32.10263124,687.0,Sun Dec 03 08:54:30 IST 2017, Approx. w-center algo1
94,1c:b9:c4:16:ee:98,Ariel_University,2400,-82.0,35.20876629,32.10263124,687.0,Sun Dec 03 08:54:30 IST 2017, Approx. w-center algo1
95,62:ab:1b:60:b4:cb,Bezeq Free,2400,-86.0,35.20876629,32.10263124,687.0,Sun Dec 03 08:54:30 IST 2017, Approx. w-center algo1
96,a0:ab:1b:60:b4:ca,036518749,2400,-87.0,35.20876629,32.10263124,687.0,Sun Dec 03 08:54:30 IST 2017, Approx. w-center algo1
97,ec:8c:a2:26:b1:78,Ariel_University,2400,-69.0,35.20876629,32.10263124,687.0,Sun Dec 03 08:54:30 IST 2017, Approx. w-center algo1
98,1c:b9:c4:12:7c:c8,Ariel_University,2400,-73.0,35.20884914,32.10244119,686.0,Sun Dec 03 08:54:33 IST 2017, Approx. w-center algo1
99,1c:b9:c4:14:33:cc,Ariel_University,5000,-86.0,35.20884914,32.10244119,686.0,Sun Dec 03 08:54:33 IST 2017, Approx. w-center algo1
100,1c:b9:c4:16:28:e8,Ariel_University,2400,-77.0,35.20884914,32.10244119,686.0,Sun Dec 03 08:54:33 IST 2017, Approx. w-center algo1
101,1c:b9:c4:16:d2:88,Ariel_University,2400,-86.0,35.20884914,32.10244119,686.0,Sun Dec 03 08:54:33 IST 2017, Approx. w-center algo1
102,1c:b9:c4:16:f1:98,Ariel_University,2400,-79.0,35.20884914,32.10244119,686.0,Sun Dec 03 08:54:33 IST 2017, Approx. w-center algo1
103,ec:8c:a2:08:78:c8,Ariel_University,2400,-86.0,35.20884914,32.10244119,686.0,Sun Dec 03 08:54:33 IST 2017, Approx. w-center algo1
104,1c:b9:c4:14:2b:d8,Ariel_University,2400,-69.0,35.20894955,32.1022576,688.0,Sun Dec 03 08:54:36 IST 2017, Approx. w-center algo1
105,1c:b9:c4:14:2b:dc,Ariel_University,5000,-74.0,35.20894955,32.1022576,688.0,Sun Dec 03 08:54:36 IST 2017, Approx. w-center algo1
106,1c:b9:c4:14:2f:68,Ariel_University,2400,-63.0,35.20894955,32.1022576,688.0,Sun Dec 03 08:54:36 IST 2017, Approx. w-center algo1
107,34:8f:27:20:8c:18,Ariel_University,2400,-86.0,35.20894955,32.1022576,688.0,Sun Dec 03 08:54:36 IST 2017, Approx. w-center algo1
108,62:ab:1b:60:b4:cb,Bezeq Free,2400,-78.0,35.20894955,32.1022576,688.0,Sun Dec 03 08:54:36 IST 2017, Approx. w-center algo1
109,ec:8c:a2:08:94:18,Ariel_University,2400,-73.0,35.20894955,32.1022576,688.0,Sun Dec 03 08:54:36 IST 2017, Approx. w-center algo1
110,1c:b9:c4:12:90:b8,Ariel_University,2400,-82.0,35.20912829,32.10212198,688.0,Sun Dec 03 08:54:39 IST 2017, Approx. w-center algo1
111,1c:b9:c4:16:f1:98,Ariel_University,2400,-73.0,35.20912829,32.10212198,688.0,Sun Dec 03 08:54:39 IST 2017, Approx. w-center algo1
112,1c:b9:c4:16:f4:78,Ariel_University,2400,-77.0,35.20912829,32.10212198,688.0,Sun Dec 03 08:54:39 IST 2017, Approx. w-center algo1
113,c4:12:f5:f6:a0:18,lab_6.1.3,2400,-80.0,35.20912829,32.10212198,688.0,Sun Dec 03 08:54:39 IST 2017, Approx. w-center algo1
114,1c:b9:c4:15:1e:68,Ariel_University,2400,-80.0,35.20935702,32.1020322,689.0,Sun Dec 03 08:54:42 IST 2017, Approx. w-center algo1
115,ec:8c:a2:08:94:1c,Ariel_University,5000,-70.0,35.20935702,32.1020322,688.9999999999999,Sun Dec 03 08:54:42 IST 2017, Approx. w-center algo1
116,1c:b9:c4:15:3a:38,Ariel_University,2400,-76.0,35.20960153,32.10196459,690.0,Sun Dec 03 08:54:45 IST 2017, Approx. w-center algo1
117,00:11:6b:11:02:b7,yosh,2400,-81.0,35.2098381,32.10199722,693.0,Sun Dec 03 08:54:48 IST 2017, Approx. w-center algo1
118,1c:b9:c4:14:33:c8,Ariel_University,2400,-78.0,35.2098381,32.10199722,693.0,Sun Dec 03 08:54:48 IST 2017, Approx. w-center algo1
119,1c:b9:c4:16:11:a8,Ariel_University,2400,-79.0,35.2098381,32.10199722,693.0,Sun Dec 03 08:54:48 IST 2017, Approx. w-center algo1
120,1c:b9:c4:16:28:f8,Ariel_University,2400,-76.0,35.2098381,32.10199722,693.0,Sun Dec 03 08:54:48 IST 2017, Approx. w-center algo1
121,a0:ab:1b:60:b4:ca,036518749,2400,-87.0,35.2098381,32.10199722,693.0,Sun Dec 03 08:54:48 IST 2017, Approx. w-center algo1
122,ec:8c:a2:26:b1:78,Ariel_University,2400,-85.0,35.2098381,32.10199722,693.0,Sun Dec 03 08:54:48 IST 2017, Approx. w-center algo1
123,f8:d1:11:77:77:c6,HelpDesk,2400,-88.0,35.2098381,32.10199722,693.0,Sun Dec 03 08:54:48 IST 2017, Approx. w-center algo1
124,1c:b9:c4:14:2b:d8,Ariel_University,2400,-84.0,35.20998301,32.10212708,692.0,Sun Dec 03 08:54:51 IST 2017, Approx. w-center algo1
125,1c:b9:c4:14:2b:dc,Ariel_University,5000,-74.0,35.20998301,32.10212708,692.0,Sun Dec 03 08:54:51 IST 2017, Approx. w-center algo1
126,1c:b9:c4:14:2f:68,Ariel_University,2400,-85.0,35.20998301,32.10212708,692.0,Sun Dec 03 08:54:51 IST 2017, Approx. w-center algo1
127,62:ab:1b:60:b4:cb,Bezeq Free,2400,-87.0,35.20998301,32.10212708,692.0,Sun Dec 03 08:54:51 IST 2017, Approx. w-center algo1
128,00:1d:aa:81:d8:3c,KCG-ADSL,2400,-84.0,35.209913520190405,32.10264589301599,693.9999999999999,Sun Dec 03 08:54:54 IST 2017, Approx. w-center algo1
129,1c:b9:c4:12:af:78,Ariel_University,2400,-79.0,35.20983303,32.10290524,694.0,Sun Dec 03 08:55:11 IST 2017, Approx. w-center algo1
130,1c:b9:c4:14:2b:88,Ariel_University,2400,-86.0,35.20983303,32.10290524,694.0,Sun Dec 03 08:55:11 IST 2017, Approx. w-center algo1
131,1c:b9:c4:14:30:38,Ariel_University,2400,-87.0,35.20983303,32.10290524,694.0,Sun Dec 03 08:55:11 IST 2017, Approx. w-center algo1
132,1c:b9:c4:15:1e:68,Ariel_University,2400,-86.0,35.20978446,32.10305306,693.0,Sun Dec 03 08:55:15 IST 2017, Approx. w-center algo1
133,1c:b9:c4:15:3a:38,Ariel_University,2400,-89.0,35.20978446,32.10305306,693.0,Sun Dec 03 08:55:15 IST 2017, Approx. w-center algo1
134,1c:b9:c4:15:ec:38,Ariel_University,2400,-78.0,35.20978446,32.10305306,693.0,Sun Dec 03 08:55:15 IST 2017, Approx. w-center algo1
135,1c:b9:c4:16:06:bc,Ariel_University,5000,-88.0,35.20978446,32.10305306,693.0,Sun Dec 03 08:55:15 IST 2017, Approx. w-center algo1
136,1c:b9:c4:16:11:a8,Ariel_University,2400,-84.0,35.20978446,32.10305306,693.0,Sun Dec 03 08:55:15 IST 2017, Approx. w-center algo1
137,1c:b9:c4:16:ee:98,Ariel_University,2400,-85.0,35.20978446,32.10305306,693.0,Sun Dec 03 08:55:15 IST 2017, Approx. w-center algo1
138,40:a5:ef:7a:17:f2,2.4V1,2400,-76.0,35.20978446,32.10305306,693.0,Sun Dec 03 08:55:15 IST 2017, Approx. w-center algo1
139,c4:12:f5:f6:a0:18,lab_6.1.3,2400,-85.0,35.20977295,32.10314139,693.0,Sun Dec 03 08:55:17 IST 2017, Approx. w-center algo1
140,1c:b9:c4:12:90:b8,Ariel_University,2400,-87.0,35.20979335,32.10330416,695.0,Sun Dec 03 08:55:20 IST 2017, Approx. w-center algo1
141,1c:b9:c4:16:06:b8,Ariel_University,2400,-75.0,35.20979335,32.10330416,695.0,Sun Dec 03 08:55:20 IST 2017, Approx. w-center algo1
142,1c:b9:c4:16:ed:38,Ariel_University,2400,-74.0,35.20979335,32.10330416,694.9999999999999,Sun Dec 03 08:55:20 IST 2017, Approx. w-center algo1
143,1c:b9:c4:16:ed:48,Ariel_University,2400,-84.0,35.20979335,32.10330416,695.0,Sun Dec 03 08:55:20 IST 2017, Approx. w-center algo1
144,1c:b9:c4:15:fd:48,Ariel_University,2400,-79.0,35.20992695,32.10357832,694.0,Sun Dec 03 08:55:25 IST 2017, Approx. w-center algo1
145,d8:5d:4c:9e:69:22,AUC_4_2_24,2400,-84.0,35.20992695,32.10357832,694.0,Sun Dec 03 08:55:25 IST 2017, Approx. w-center algo1
146,1c:b9:c4:15:1c:b8,Ariel_University,2400,-89.0,35.21019984,32.10379261,694.0,Sun Dec 03 08:55:30 IST 2017, Approx. w-center algo1
147,1c:b9:c4:16:06:b8,Ariel_University,2400,-68.0,35.21019984,32.10379261,694.0,Sun Dec 03 08:55:30 IST 2017, Approx. w-center algo1
148,1c:b9:c4:16:06:bc,Ariel_University,5000,-72.0,35.21019984,32.10379261,694.0,Sun Dec 03 08:55:30 IST 2017, Approx. w-center algo1
149,24:79:2a:2b:07:b8,Ariel_University,2400,-85.0,35.21019984,32.10379261,694.0,Sun Dec 03 08:55:30 IST 2017, Approx. w-center algo1
150,24:79:2a:2b:bd:88,Ariel_University,2400,-83.0,35.21019984,32.10379261,694.0,Sun Dec 03 08:55:30 IST 2017, Approx. w-center algo1
151,24:79:2a:2c:5c:18,Ariel_University,2400,-81.0,35.21019984,32.10379261,694.0,Sun Dec 03 08:55:30 IST 2017, Approx. w-center algo1
152,00:1d:aa:81:d8:3c,KCG-ADSL,2400,-88.0,35.21040928,32.10392655,695.0,Sun Dec 03 08:55:33 IST 2017, Approx. w-center algo1
153,1c:b9:c4:12:af:78,Ariel_University,2400,-75.0,35.21040928,32.10392655,695.0,Sun Dec 03 08:55:33 IST 2017, Approx. w-center algo1
154,1c:b9:c4:14:2b:88,Ariel_University,2400,-84.0,35.21040928,32.10392655,695.0,Sun Dec 03 08:55:33 IST 2017, Approx. w-center algo1
155,1c:b9:c4:14:30:38,Ariel_University,2400,-87.0,35.21040928,32.10392655,695.0,Sun Dec 03 08:55:33 IST 2017, Approx. w-center algo1
156,24:79:2a:2c:5b:d8,Ariel_University,2400,-87.0,35.21064312,32.10403138,697.0,Sun Dec 03 08:55:36 IST 2017, Approx. w-center algo1
157,1c:b9:c4:12:90:b8,Ariel_University,2400,-87.0,35.21091349,32.10412387,700.0,Sun Dec 03 08:55:40 IST 2017, Approx. w-center algo1
158,1c:b9:c4:16:ed:38,Ariel_University,2400,-76.0,35.21091349,32.10412387,700.0,Sun Dec 03 08:55:40 IST 2017, Approx. w-center algo1
159,1c:b9:c4:16:ed:48,Ariel_University,2400,-83.0,35.21091349,32.10412387,700.0,Sun Dec 03 08:55:40 IST 2017, Approx. w-center algo1
160,8c:0c:90:2f:d3:d8,Ariel_University,2400,-78.0,35.21091349,32.10412387,700.0,Sun Dec 03 08:55:40 IST 2017, Approx. w-center algo1
161,1c:b9:c4:15:fd:48,Ariel_University,2400,-79.0,35.21101715,32.10415215,700.0,Sun Dec 03 08:55:42 IST 2017, Approx. w-center algo1
162,d8:5d:4c:9e:69:22,AUC_4_2_24,2400,-84.0,35.21101715,32.10415215,700.0,Sun Dec 03 08:55:42 IST 2017, Approx. w-center algo1
163,1c:b9:c4:15:41:78,Ariel_University,2400,-71.0,35.21118813,32.10418089,699.0,Sun Dec 03 08:55:45 IST 2017, Approx. w-center algo1
164,1c:b9:c4:15:1c:b8,Ariel_University,2400,-89.0,35.21138319,32.10423611,700.0,Sun Dec 03 08:55:48 IST 2017, Approx. w-center algo1
165,1c:b9:c4:16:06:b8,Ariel_University,2400,-83.0,35.21138319,32.10423611,700.0,Sun Dec 03 08:55:48 IST 2017, Approx. w-center algo1
166,1c:b9:c4:16:06:bc,Ariel_University,5000,-72.0,35.21138319,32.10423611,700.0,Sun Dec 03 08:55:48 IST 2017, Approx. w-center algo1
167,1c:b9:c4:95:41:77, ,5000,-82.0,35.21138319,32.10423611,700.0,Sun Dec 03 08:55:48 IST 2017, Approx. w-center algo1
168,24:79:2a:2b:07:b8,Ariel_University,2400,-85.0,35.21138319,32.10423611,700.0,Sun Dec 03 08:55:48 IST 2017, Approx. w-center algo1
169,24:79:2a:2b:bd:88,Ariel_University,2400,-83.0,35.21138319,32.10423611,700.0,Sun Dec 03 08:55:48 IST 2017, Approx. w-center algo1
170,24:79:2a:2c:5c:18,Ariel_University,2400,-81.0,35.21138319,32.10423611,700.0,Sun Dec 03 08:55:48 IST 2017, Approx. w-center algo1
171,00:11:6b:11:7e:0c,yosh,2400,-93.0,35.21150642,32.10434812,698.0,Sun Dec 03 08:55:51 IST 2017, Approx. w-center algo1
172,1c:b9:c4:15:44:88,Ariel_University,2400,-77.0,35.21150642,32.10434812,698.0,Sun Dec 03 08:55:51 IST 2017, Approx. w-center algo1
173,1c:b9:c4:15:ed:48,Ariel_University,2400,-86.0,35.21154665411134,32.104431804807184,698.0,Sun Dec 03 08:55:51 IST 2017, Approx. w-center algo1
174,1c:b9:c4:16:cd:18,IT-MNG,2400,-93.0,35.2115156,32.10476714,696.0,Sun Dec 03 08:56:00 IST 2017, Approx. w-center algo1
175,1c:b9:c4:56:cd:18,Ariel_University,2400,-92.0,35.2115156,32.10476714,696.0,Sun Dec 03 08:56:00 IST 2017, Approx. w-center algo1
176,1c:b9:c4:14:2b:c8,Ariel_University,2400,-89.0,35.2114539,32.10481492,695.0,Sun Dec 03 08:56:02 IST 2017, Approx. w-center algo1
177,1c:b9:c4:15:fd:e8,IT-MNG,2400,-84.0,35.2114539,32.10481492,695.0,Sun Dec 03 08:56:02 IST 2017, Approx. w-center algo1
178,1c:b9:c4:15:44:58,Ariel_University,2400,-88.0,35.21137457,32.10487501,697.0,Sun Dec 03 08:56:05 IST 2017, Approx. w-center algo1
179,1c:b9:c4:14:2b:c8,Ariel_University,2400,-81.0,35.21135337,32.10488619,698.0,Sun Dec 03 08:56:08 IST 2017, Approx. w-center algo1
180,1c:b9:c4:16:05:78,Ariel_University,2400,-91.0,35.21135337,32.10488619,698.0,Sun Dec 03 08:56:08 IST 2017, Approx. w-center algo1
181,1c:b9:c4:16:2b:e8,Ariel_University,2400,-87.0,35.21135337,32.10488619,698.0,Sun Dec 03 08:56:08 IST 2017, Approx. w-center algo1
182,1c:b9:c4:14:30:3c,Ariel_University,5000,-76.0,35.20969913393224,32.10296049325714,702.1428799579676,Sun Dec 03 09:00:27 IST 2017, Approx. w-center algo1
183,1c:b9:c4:16:ed:3c,Ariel_University,5000,-74.0,35.20969913393224,32.10296049325714,702.1428799579676,Sun Dec 03 09:00:27 IST 2017, Approx. w-center algo1
184,1c:b9:c4:16:f1:5c,Ariel_University,5000,-83.0,35.20969913393224,32.10296049325714,702.1428799579676,Sun Dec 03 09:00:27 IST 2017, Approx. w-center algo1
185,1c:b9:c4:92:af:77, ,5000,-79.0,35.20969913393224,32.10296049325714,702.1428799579676,Sun Dec 03 09:00:27 IST 2017, Approx. w-center algo1
186,1c:b9:c4:94:30:37, ,5000,-79.0,35.20969913393224,32.10296049325714,702.1428799579676,Sun Dec 03 09:00:27 IST 2017, Approx. w-center algo1
187,3c:52:82:ef:c4:3c,DIRECT-3B-HP DeskJet 3630 series,2400,-72.0,35.20969913393224,32.10296049325714,702.1428799579676,Sun Dec 03 09:00:27 IST 2017, Approx. w-center algo1
188,e4:95:6e:40:87:1a,OOP_course,2400,-12.0,35.20966517514508,32.10298811526831,702.0409029813914,Sun Dec 03 09:01:37 IST 2017, Approx. w-center algo1
189,1c:b9:c4:12:af:7c,Ariel_University,5000,-77.0,35.20964526642827,32.103006095311606,702.4456558045867,Sun Dec 03 09:02:19 IST 2017, Approx. w-center algo1
190,1c:b9:c4:15:ec:3c,Ariel_University,5000,-82.0,35.209661717337,32.10302056472078,702.7411783352208,Sun Dec 03 09:02:25 IST 2017, Approx. w-center algo1
191,1c:b9:c4:16:06:b8,Ariel_University,2400,-89.0,35.209661717337,32.10302056472078,702.7411783352208,Sun Dec 03 09:02:25 IST 2017, Approx. w-center algo1
192,1c:b9:c4:12:af:78,Ariel_University,2400,-74.0,35.20966235296473,32.10302066887821,702.7589737898068,Sun Dec 03 09:02:28 IST 2017, Approx. w-center algo1
193,1c:b9:c4:95:ec:37, ,5000,-84.0,35.20966235296473,32.10302066887821,702.7589737898068,Sun Dec 03 09:02:28 IST 2017, Approx. w-center algo1
194,1c:b9:c4:96:ed:37, ,5000,-82.0,35.20966436966361,32.10302084566238,702.8302348628025,Sun Dec 03 09:02:28 IST 2017, Approx. w-center algo1
195,1c:b9:c4:95:1c:b7, ,5000,-90.0,35.20968826555523,32.10303985479879,703.11594160034,Sun Dec 03 09:02:43 IST 2017, Approx. w-center algo1
196,1c:b9:c4:16:06:b8,Ariel_University,2400,-79.0,35.20968224845495,32.103276346028004,703.8508035498224,Sun Dec 03 09:03:01 IST 2017, Approx. w-center algo1
197,1c:b9:c4:94:2b:87, ,5000,-88.0,35.209710253406485,32.10337113537652,704.1006958412728,Sun Dec 03 09:03:07 IST 2017, Approx. w-center algo1
198,1c:b9:c4:95:ed:b7, ,5000,-92.0,35.2097119010955,32.103422735825944,704.24502290678,Sun Dec 03 09:03:10 IST 2017, Approx. w-center algo1
199,1c:b9:c4:96:ed:47, ,5000,-91.0,35.2097119010955,32.103422735825944,704.24502290678,Sun Dec 03 09:03:10 IST 2017, Approx. w-center algo1
200,1c:b9:c4:16:e5:a8,Ariel_University,2400,-81.0,35.209694768890756,32.10340998113717,704.4103268040734,Sun Dec 03 09:03:13 IST 2017, Approx. w-center algo1
201,1c:b9:c4:96:f1:57, ,5000,-82.0,35.209694768890756,32.10340998113717,704.4103268040734,Sun Dec 03 09:03:13 IST 2017, Approx. w-center algo1
202,1c:b9:c4:14:2b:8c,Ariel_University,5000,-82.0,35.20965551102127,32.10332786597918,704.8397895237058,Sun Dec 03 09:03:19 IST 2017, Approx. w-center algo1
203,1c:b9:c4:15:1c:b8,Ariel_University,2400,-75.0,35.20965551102127,32.10332786597918,704.8397895237059,Sun Dec 03 09:03:19 IST 2017, Approx. w-center algo1
204,d8:5d:4c:9e:69:22,AUC_4_2_24,2400,-78.0,35.20965551102127,32.10332786597918,704.8397895237058,Sun Dec 03 09:03:19 IST 2017, Approx. w-center algo1
205,1c:b9:c4:14:2b:88,Ariel_University,2400,-80.0,35.20965870751324,32.10328570765323,705.0684892637616,Sun Dec 03 09:03:22 IST 2017, Approx. w-center algo1
206,1c:b9:c4:12:af:7c,Ariel_University,5000,-72.0,35.20968182189735,32.10296650575114,706.9104159830141,Sun Dec 03 09:03:57 IST 2017, Approx. w-center algo1
207,1c:b9:c4:15:ec:3c,Ariel_University,5000,-77.0,35.20968182189735,32.10296650575114,706.910415983014,Sun Dec 03 09:03:57 IST 2017, Approx. w-center algo1
208,1c:b9:c4:92:af:77, ,5000,-72.0,35.20968182189735,32.10296650575114,706.9104159830141,Sun Dec 03 09:03:57 IST 2017, Approx. w-center algo1
209,1c:b9:c4:14:30:38,Ariel_University,2400,-77.0,35.20970300167097,32.10288611255085,707.1660618041471,Sun Dec 03 09:04:00 IST 2017, Approx. w-center algo1
210,1c:b9:c4:16:ed:38,Ariel_University,2400,-71.0,35.20970867310708,32.10286049786469,707.2411959048158,Sun Dec 03 09:04:03 IST 2017, Approx. w-center algo1
211,00:1d:aa:81:d8:3c,KCG-ADSL,2400,-62.0,35.20974214753134,32.10278211645307,707.5329741136802,Sun Dec 03 09:04:09 IST 2017, Approx. w-center algo1
212,1c:b9:c4:96:ee:97, ,5000,-85.0,35.20975955894632,32.10275085292877,707.6527664802024,Sun Dec 03 09:04:12 IST 2017, Approx. w-center algo1
213,1c:b9:c4:14:2c:3c,Ariel_University,5000,-77.0,35.20977438790677,32.10271865750214,707.7511450557726,Sun Dec 03 09:04:15 IST 2017, Approx. w-center algo1
214,1c:b9:c4:96:11:a7, ,5000,-87.0,35.20979541943164,32.10268489619051,707.828047259109,Sun Dec 03 09:04:18 IST 2017, Approx. w-center algo1
215,02:21:5c:af:69:82,DIRECT-IRDESKTOP-ETE41T5msTU,5000,-90.0,35.20987440650553,32.10262449933767,707.9141706050168,Sun Dec 03 09:04:24 IST 2017, Approx. w-center algo1
216,1c:b9:c4:16:ee:98,Ariel_University,2400,-78.0,35.209894056094186,32.10260729460685,707.9376515551016,Sun Dec 03 09:04:27 IST 2017, Approx. w-center algo1
217,1c:b9:c4:94:2c:37, ,5000,-85.0,35.209892845310286,32.10262260926248,707.959321655685,Sun Dec 03 09:04:30 IST 2017, Approx. w-center algo1
218,1c:b9:c4:14:2c:38,Ariel_University,2400,-76.0,35.20982946116112,32.10274869091711,708.1143382027363,Sun Dec 03 09:04:39 IST 2017, Approx. w-center algo1
219,00:18:25:12:72:f0,Coolnet-Hotspot,2400,-92.0,35.209782211668895,32.102838751582816,708.2738390199131,Sun Dec 03 09:04:45 IST 2017, Approx. w-center algo1
220,1c:b9:c4:96:d2:87, ,5000,-90.0,35.209712493355596,32.10305305270209,709.1751817280435,Sun Dec 03 09:05:15 IST 2017, Approx. w-center algo1
221,1c:b9:c4:96:f4:77, ,5000,-91.0,35.20975082065316,32.10324601363817,709.8736127263887,Sun Dec 03 09:05:34 IST 2017, Approx. w-center algo1
222,1c:b9:c4:16:06:b8,Ariel_University,2400,-72.0,35.209824043200406,32.10340621094294,710.2162712668243,Sun Dec 03 09:05:46 IST 2017, Approx. w-center algo1
223,1c:b9:c4:15:ed:3c,Ariel_University,5000,-91.0,35.20990554493647,32.10351072327457,710.4194107445186,Sun Dec 03 09:05:55 IST 2017, Approx. w-center algo1
224,1c:b9:c4:15:fd:4c,Ariel_University,5000,-83.0,35.20990554493647,32.10351072327457,710.4194107445186,Sun Dec 03 09:05:55 IST 2017, Approx. w-center algo1
225,1c:b9:c4:95:fd:47, ,5000,-88.0,35.20994639016426,32.10353904388322,710.4770498913509,Sun Dec 03 09:05:58 IST 2017, Approx. w-center algo1
226,1c:b9:c4:16:06:b8,Ariel_University,2400,-67.0,35.209972255434074,32.1035758611245,710.5313960647879,Sun Dec 03 09:06:01 IST 2017, Approx. w-center algo1
227,1c:b9:c4:15:ed:38,Ariel_University,2400,-87.0,35.210005054877556,32.10360315832744,710.5814622101553,Sun Dec 03 09:06:04 IST 2017, Approx. w-center algo1
228,3c:52:82:ef:a4:8b,DIRECT-8A-HP DeskJet 3630 series,2400,-82.0,35.21005058122789,32.10363047533494,710.6278805201182,Sun Dec 03 09:06:07 IST 2017, Approx. w-center algo1
229,00:27:22:f3:bb:2b, ,2400,-87.0,35.21010138636458,32.1036535872341,710.6710794188068,Sun Dec 03 09:06:10 IST 2017, Approx. w-center algo1
230,1c:b9:c4:16:1d:7c,Ariel_University,5000,-90.0,35.21010138636458,32.1036535872341,710.6710794188068,Sun Dec 03 09:06:10 IST 2017, Approx. w-center algo1
231,24:79:2a:2b:07:bc,Ariel_University,5000,-85.0,35.21017541181782,32.10369861480585,710.7485234469889,Sun Dec 03 09:06:16 IST 2017, Approx. w-center algo1
232,24:79:2a:2c:5c:1c,Ariel_University,5000,-84.0,35.21020742379761,32.103724904733575,710.7830608193167,Sun Dec 03 09:06:19 IST 2017, Approx. w-center algo1
233,24:79:2a:ab:07:b7, ,5000,-87.0,35.21020742379761,32.103724904733575,710.7830608193167,Sun Dec 03 09:06:19 IST 2017, Approx. w-center algo1
234,24:79:2a:ab:bd:87, ,5000,-84.0,35.21020742379761,32.103724904733575,710.7830608193167,Sun Dec 03 09:06:19 IST 2017, Approx. w-center algo1
235,60:e3:27:7b:e0:98,HelpDesk,2400,-83.0,35.21020742379761,32.103724904733575,710.7830608193167,Sun Dec 03 09:06:19 IST 2017, Approx. w-center algo1
236,24:79:2a:2b:bd:8c,Ariel_University,5000,-83.0,35.21024296825823,32.103754328139765,710.8162814862263,Sun Dec 03 09:06:22 IST 2017, Approx. w-center algo1
237,1c:b9:c4:96:1d:77, ,5000,-90.0,35.21028362142391,32.10381009568773,710.9061260906689,Sun Dec 03 09:06:31 IST 2017, Approx. w-center algo1
238,1c:b9:c4:96:e5:a7, ,5000,-90.0,35.21028362142391,32.10381009568773,710.9061260906689,Sun Dec 03 09:06:31 IST 2017, Approx. w-center algo1
239,24:79:2a:2b:07:b8,Ariel_University,2400,-77.0,35.210254888699964,32.103804451692376,710.9347988784789,Sun Dec 03 09:06:34 IST 2017, Approx. w-center algo1
240,24:79:2a:ac:5c:17, ,5000,-85.0,35.210254888699964,32.103804451692376,710.9347988784789,Sun Dec 03 09:06:34 IST 2017, Approx. w-center algo1
241,24:79:2a:2b:bd:88,Ariel_University,2400,-72.0,35.21022896658198,32.103796488351406,710.9625734578337,Sun Dec 03 09:06:37 IST 2017, Approx. w-center algo1
242,24:79:2a:2c:5b:d8,Ariel_University,2400,-80.0,35.21014735283678,32.10376657920338,711.0143490475475,Sun Dec 03 09:06:43 IST 2017, Approx. w-center algo1
243,1c:b9:c4:16:28:ec,Ariel_University,5000,-84.0,35.21009736641098,32.10374932461536,711.04240246276,Sun Dec 03 09:06:46 IST 2017, Approx. w-center algo1
244,1c:b9:c4:96:28:e7, ,5000,-85.0,35.21009736641098,32.10374932461536,711.04240246276,Sun Dec 03 09:06:46 IST 2017, Approx. w-center algo1
245,1c:b9:c4:15:1c:bc,Ariel_University,5000,-84.0,35.21003935734618,32.10371197783737,711.0753764021061,Sun Dec 03 09:06:49 IST 2017, Approx. w-center algo1
246,8c:0c:90:2e:e8:18,Ariel_University,2400,-90.0,35.20997695154486,32.10366280622974,711.1571521241567,Sun Dec 03 09:06:55 IST 2017, Approx. w-center algo1
247,1c:b9:c4:15:fd:48,Ariel_University,2400,-71.0,35.209948179237934,32.103633107895774,711.2034653404863,Sun Dec 03 09:06:58 IST 2017, Approx. w-center algo1
248,40:a5:ef:7a:17:f2,2.4V1,2400,-93.0,35.209857355480956,32.103511338353215,711.3696457610175,Sun Dec 03 09:07:07 IST 2017, Approx. w-center algo1
249,1c:b9:c4:16:f1:5c,Ariel_University,5000,-75.0,35.209844645257576,32.10347765964358,711.4208310564215,Sun Dec 03 09:07:10 IST 2017, Approx. w-center algo1
250,8c:0c:90:2e:16:88,Ariel_University,2400,-80.0,35.209834157782176,32.10343949277716,711.4667892140303,Sun Dec 03 09:07:13 IST 2017, Approx. w-center algo1
251,1c:b9:c4:96:f4:77, ,5000,-81.0,35.20980399820012,32.10328866514529,711.6736975036425,Sun Dec 03 09:07:25 IST 2017, Approx. w-center algo1
252,1c:b9:c4:95:ec:37, ,5000,-78.0,35.20969100791368,32.10290399031027,712.2357761961763,Sun Dec 03 09:08:16 IST 2017, Approx. w-center algo1
253,3c:52:82:ef:c4:3c,DIRECT-3B-HP DeskJet 3630 series,2400,-67.0,35.20969100791368,32.10290399031027,712.2357761961763,Sun Dec 03 09:08:16 IST 2017, Approx. w-center algo1
254,1c:b9:c4:15:1e:6c,Ariel_University,5000,-83.0,35.21000653997084,32.10238084673325,712.1937426685497,Sun Dec 03 09:08:58 IST 2017, Approx. w-center algo1
255,1c:b9:c4:95:1e:67, ,5000,-83.0,35.21000653997084,32.10238084673325,712.1937426685497,Sun Dec 03 09:08:58 IST 2017, Approx. w-center algo1
256,1c:b9:c4:95:3a:37, ,5000,-80.0,35.21000653997084,32.10238084673325,712.1937426685497,Sun Dec 03 09:08:58 IST 2017, Approx. w-center algo1
257,40:a5:ef:7a:17:f2,2.4V1,2400,-92.0,35.21002214095188,32.10234668230428,712.154305070139,Sun Dec 03 09:08:58 IST 2017, Approx. w-center algo1
258,1c:b9:c4:15:3d:6c,Ariel_University,5000,-84.0,35.209976991172944,32.10246120400514,711.9289257491877,Sun Dec 03 09:09:21 IST 2017, Approx. w-center algo1
259,1c:b9:c4:14:2c:3c,Ariel_University,5000,-67.0,35.209867804165086,32.102689713395726,711.8977402734589,Sun Dec 03 09:09:37 IST 2017, Approx. w-center algo1
260,30:e1:71:0f:a2:49,DIRECT-47-HP DeskJet 3630 series,2400,-79.0,35.209867804165086,32.102689713395726,711.8977402734589,Sun Dec 03 09:09:37 IST 2017, Approx. w-center algo1
261,2a:56:5a:9e:2e:ce,DIRECT-ce-HP M426 LaserJet,2400,-77.0,35.209856687440386,32.10273836386316,711.9071836194796,Sun Dec 03 09:09:40 IST 2017, Approx. w-center algo1
262,1c:b9:c4:16:06:bc,Ariel_University,5000,-88.0,35.209826891474435,32.102834572431405,711.9395606658123,Sun Dec 03 09:09:46 IST 2017, Approx. w-center algo1
263,1c:b9:c4:12:af:78,Ariel_University,2400,-68.0,35.2096695193848,32.10295813415597,712.0551886871242,Sun Dec 03 09:10:00 IST 2017, Approx. w-center algo1
